,OpenTime,Open,High,Low,Close,Volume,CloseTime,QuoteAssetVolume,NumTrades,TakerBuyBaseAssetVolume,TakerBuyQuoteAssetVolume,Ignore,Open_Time,Close_time
0,1577836800000,129.16000000,129.19000000,128.80000000,128.88000000,696.71412000,1577837099999,89878.70613980,278,374.55660000,48313.96233040,0,2019-12-31 18:00:00,2019-12-31 18:04:59.999
1,1577837100000,128.84000000,128.95000000,128.69000000,128.93000000,724.37040000,1577837399999,93302.36451980,298,277.02182000,35691.25379880,0,2019-12-31 18:05:00,2019-12-31 18:09:59.999
2,1577837400000,128.93000000,128.98000000,128.80000000,128.91000000,462.49462000,1577837699999,59607.15897580,203,223.12403000,28749.90722930,0,2019-12-31 18:10:00,2019-12-31 18:14:59.999
3,1577837700000,128.91000000,129.05000000,128.84000000,128.85000000,360.50849000,1577837999999,46478.32028890,224,223.46932000,28810.08862260,0,2019-12-31 18:15:00,2019-12-31 18:19:59.999
4,1577838000000,128.85000000,128.91000000,128.69000000,128.72000000,1827.53848000,1577838299999,235286.62318170,244,917.60510000,118124.99054740,0,2019-12-31 18:20:00,2019-12-31 18:24:59.999
5,1577838300000,128.72000000,128.96000000,128.68000000,128.78000000,1498.02671000,1577838599999,192966.54419090,310,829.67625000,106865.23467340,0,2019-12-31 18:25:00,2019-12-31 18:29:59.999
6,1577838600000,128.76000000,129.03000000,128.76000000,128.95000000,695.49941000,1577838899999,89645.85063090,171,464.27195000,59836.25332850,0,2019-12-31 18:30:00,2019-12-31 18:34:59.999
7,1577838900000,128.96000000,128.98000000,128.84000000,128.85000000,296.87015000,1577839199999,38271.43280840,124,128.01973000,16498.23742590,0,2019-12-31 18:35:00,2019-12-31 18:39:59.999
8,1577839200000,128.85000000,128.96000000,128.80000000,128.86000000,148.81332000,1577839499999,19178.36769070,131,73.10584000,9419.87084920,0,2019-12-31 18:40:00,2019-12-31 18:44:59.999
9,1577839500000,128.87000000,128.89000000,128.73000000,128.77000000,490.13317000,1577839799999,63121.16676580,187,399.60137000,51460.19434620,0,2019-12-31 18:45:00,2019-12-31 18:49:59.999
10,1577839800000,128.80000000,128.83000000,128.70000000,128.73000000,205.29504000,1577840099999,26437.80844690,150,100.81520000,12983.23582860,0,2019-12-31 18:50:00,2019-12-31 18:54:59.999
11,1577840100000,128.73000000,128.96000000,128.68000000,128.87000000,362.90945000,1577840399999,46755.39857180,184,138.66624000,17866.10998520,0,2019-12-31 18:55:00,2019-12-31 18:59:59.999
12,1577840400000,128.87000000,129.11000000,128.78000000,129.03000000,521.69992000,1577840699999,67283.43062460,265,349.29774000,45052.36233550,0,2019-12-31 19:00:00,2019-12-31 19:04:59.999
13,1577840700000,129.05000000,129.16000000,128.90000000,129.06000000,535.72275000,1577840999999,69146.79964320,216,134.99807000,17419.72861730,0,2019-12-31 19:05:00,2019-12-31 19:09:59.999
14,1577841000000,129.05000000,129.25000000,129.04000000,129.13000000,312.34359000,1577841299999,40345.50683870,203,175.15305000,22623.04184310,0,2019-12-31 19:10:00,2019-12-31 19:14:59.999
15,1577841300000,129.13000000,129.23000000,129.07000000,129.23000000,175.33650000,1577841599999,22643.18393140,138,86.34917000,11149.30389910,0,2019-12-31 19:15:00,2019-12-31 19:19:59.999
16,1577841600000,129.23000000,129.74000000,129.22000000,129.64000000,1854.28608000,1577841899999,240178.46275740,659,1193.59603000,154602.15030950,0,2019-12-31 19:20:00,2019-12-31 19:24:59.999
17,1577841900000,129.66000000,130.58000000,129.65000000,130.26000000,3336.79460000,1577842199999,434177.12328600,1139,1990.68855000,259015.24753170,0,2019-12-31 19:25:00,2019-12-31 19:29:59.999
18,1577842200000,130.26000000,130.65000000,130.23000000,130.47000000,1116.98096000,1577842499999,145699.47373650,486,472.20514000,61591.39902610,0,2019-12-31 19:30:00,2019-12-31 19:34:59.999
19,1577842500000,130.46000000,130.49000000,130.21000000,130.30000000,950.13124000,1577842799999,123827.79795550,396,348.55592000,45418.28773850,0,2019-12-31 19:35:00,2019-12-31 19:39:59.999
20,1577842800000,130.31000000,130.38000000,130.18000000,130.33000000,422.28079000,1577843099999,55008.69030450,276,192.88522000,25123.83193680,0,2019-12-31 19:40:00,2019-12-31 19:44:59.999
21,1577843100000,130.37000000,130.37000000,129.91000000,130.04000000,836.10030000,1577843399999,108797.83467280,436,432.43311000,56278.00652240,0,2019-12-31 19:45:00,2019-12-31 19:49:59.999
22,1577843400000,130.04000000,130.34000000,129.96000000,130.23000000,676.01654000,1577843699999,88005.22869430,368,359.34918000,46789.07244500,0,2019-12-31 19:50:00,2019-12-31 19:54:59.999
23,1577843700000,130.20000000,130.65000000,130.20000000,130.64000000,606.96189000,1577843999999,79164.94919170,303,195.03158000,25423.62447230,0,2019-12-31 19:55:00,2019-12-31 19:59:59.999
24,1577844000000,130.63000000,130.95000000,130.38000000,130.48000000,1917.56701000,1577844299999,250727.13688960,731,811.60018000,106100.09069930,0,2019-12-31 20:00:00,2019-12-31 20:04:59.999
25,1577844300000,130.50000000,130.58000000,130.35000000,130.47000000,639.84548000,1577844599999,83464.34412980,253,181.27003000,23646.83683690,0,2019-12-31 20:05:00,2019-12-31 20:09:59.999
26,1577844600000,130.47000000,130.57000000,130.44000000,130.48000000,120.11452000,1577844899999,15675.93421890,129,51.87003000,6769.99752260,0,2019-12-31 20:10:00,2019-12-31 20:14:59.999
27,1577844900000,130.47000000,130.80000000,130.47000000,130.75000000,358.22936000,1577845199999,46787.71102830,260,148.60738000,19409.33778770,0,2019-12-31 20:15:00,2019-12-31 20:19:59.999
28,1577845200000,130.76000000,130.77000000,130.58000000,130.71000000,215.88618000,1577845499999,28213.70381090,143,135.83659000,17749.89864520,0,2019-12-31 20:20:00,2019-12-31 20:24:59.999
29,1577845500000,130.71000000,130.94000000,130.71000000,130.76000000,804.72705000,1577845799999,105270.92830830,232,216.42170000,28320.04520560,0,2019-12-31 20:25:00,2019-12-31 20:29:59.999
30,1577845800000,130.79000000,130.98000000,130.76000000,130.79000000,945.44911000,1577846099999,123746.74135220,266,552.49732000,72330.57540770,0,2019-12-31 20:30:00,2019-12-31 20:34:59.999
31,1577846100000,130.78000000,130.80000000,130.67000000,130.70000000,257.89958000,1577846399999,33717.48659220,156,95.94894000,12542.92674670,0,2019-12-31 20:35:00,2019-12-31 20:39:59.999
32,1577846400000,130.70000000,130.76000000,130.61000000,130.75000000,689.85735000,1577846699999,90137.22884000,242,300.74257000,39298.15331650,0,2019-12-31 20:40:00,2019-12-31 20:44:59.999
33,1577846700000,130.74000000,130.81000000,130.66000000,130.74000000,580.75781000,1577846999999,75917.23042500,215,160.34632000,20964.00317200,0,2019-12-31 20:45:00,2019-12-31 20:49:59.999
34,1577847000000,130.75000000,130.89000000,130.69000000,130.89000000,671.67878000,1577847299999,87848.67616660,228,392.82169000,51376.15594830,0,2019-12-31 20:50:00,2019-12-31 20:54:59.999
35,1577847300000,130.89000000,130.90000000,130.82000000,130.85000000,401.34400000,1577847599999,52518.49229520,191,276.38943000,36167.42336690,0,2019-12-31 20:55:00,2019-12-31 20:59:59.999
36,1577847600000,130.85000000,130.89000000,130.57000000,130.61000000,416.85504000,1577847899999,54471.44138210,237,130.93980000,17113.28893100,0,2019-12-31 21:00:00,2019-12-31 21:04:59.999
37,1577847900000,130.61000000,130.61000000,130.06000000,130.22000000,1502.60459000,1577848199999,195721.56818340,459,357.46932000,46612.41276750,0,2019-12-31 21:05:00,2019-12-31 21:09:59.999
38,1577848200000,130.24000000,130.31000000,130.12000000,130.20000000,333.26302000,1577848499999,43392.66507240,178,161.50832000,21027.58981470,0,2019-12-31 21:10:00,2019-12-31 21:14:59.999
39,1577848500000,130.20000000,130.40000000,130.16000000,130.35000000,379.59805000,1577848799999,49438.02249300,184,85.78746000,11176.90230870,0,2019-12-31 21:15:00,2019-12-31 21:19:59.999
40,1577848800000,130.35000000,130.50000000,130.35000000,130.50000000,307.94221000,1577849099999,40168.70301020,165,179.47049000,23410.01420350,0,2019-12-31 21:20:00,2019-12-31 21:24:59.999
41,1577849100000,130.51000000,130.56000000,130.41000000,130.48000000,148.01405000,1577849399999,19311.30915740,171,89.46108000,11672.97915750,0,2019-12-31 21:25:00,2019-12-31 21:29:59.999
42,1577849400000,130.47000000,130.48000000,130.40000000,130.42000000,193.07114000,1577849699999,25183.41154800,152,40.04734000,5223.68103920,0,2019-12-31 21:30:00,2019-12-31 21:34:59.999
43,1577849700000,130.44000000,130.46000000,130.14000000,130.25000000,174.47263000,1577849999999,22731.29886460,194,61.43290000,8006.11487330,0,2019-12-31 21:35:00,2019-12-31 21:39:59.999
44,1577850000000,130.25000000,130.36000000,130.06000000,130.12000000,304.44274000,1577850299999,39648.68728450,309,91.62633000,11937.57980730,0,2019-12-31 21:40:00,2019-12-31 21:44:59.999
45,1577850300000,130.06000000,130.34000000,129.94000000,130.34000000,626.45721000,1577850599999,81513.76828500,384,284.51515000,37026.79433810,0,2019-12-31 21:45:00,2019-12-31 21:49:59.999
46,1577850600000,130.33000000,130.34000000,130.16000000,130.21000000,210.89163000,1577850899999,27466.68391100,165,151.61541000,19745.26978620,0,2019-12-31 21:50:00,2019-12-31 21:54:59.999
47,1577850900000,130.22000000,130.33000000,130.12000000,130.20000000,370.94202000,1577851199999,48313.39366910,220,176.16204000,22937.70316960,0,2019-12-31 21:55:00,2019-12-31 21:59:59.999
48,1577851200000,130.21000000,130.42000000,130.16000000,130.23000000,688.72246000,1577851499999,89785.12601370,296,479.53066000,62515.70215410,0,2019-12-31 22:00:00,2019-12-31 22:04:59.999
49,1577851500000,130.23000000,130.30000000,130.19000000,130.30000000,40.20526000,1577851799999,5236.37720320,100,22.98185000,2993.29649680,0,2019-12-31 22:05:00,2019-12-31 22:09:59.999
50,1577851800000,130.29000000,130.35000000,130.17000000,130.22000000,255.10775000,1577852099999,33224.84152490,144,153.73438000,20022.44933650,0,2019-12-31 22:10:00,2019-12-31 22:14:59.999
51,1577852100000,130.25000000,130.36000000,130.20000000,130.32000000,520.96070000,1577852399999,67855.38002330,195,267.37492000,34822.15188120,0,2019-12-31 22:15:00,2019-12-31 22:19:59.999
52,1577852400000,130.32000000,130.34000000,130.17000000,130.23000000,134.25157000,1577852699999,17489.94262960,142,79.78248000,10394.71697390,0,2019-12-31 22:20:00,2019-12-31 22:24:59.999
53,1577852700000,130.26000000,130.30000000,130.15000000,130.19000000,136.67877000,1577852999999,17803.37068260,133,75.29696000,9807.66975060,0,2019-12-31 22:25:00,2019-12-31 22:29:59.999
54,1577853000000,130.19000000,130.73000000,130.15000000,130.56000000,760.78975000,1577853299999,99281.84927930,387,461.70847000,60243.03883440,0,2019-12-31 22:30:00,2019-12-31 22:34:59.999
55,1577853300000,130.56000000,130.74000000,130.51000000,130.60000000,252.91845000,1577853599999,33039.78676720,185,106.50631000,13912.96715150,0,2019-12-31 22:35:00,2019-12-31 22:39:59.999
56,1577853600000,130.53000000,130.61000000,130.39000000,130.45000000,120.29872000,1577853899999,15698.35667700,140,26.12991000,3409.43724000,0,2019-12-31 22:40:00,2019-12-31 22:44:59.999
57,1577853900000,130.46000000,130.58000000,130.45000000,130.51000000,104.66585000,1577854199999,13660.53682300,147,47.12147000,6150.14979190,0,2019-12-31 22:45:00,2019-12-31 22:49:59.999
58,1577854200000,130.51000000,130.51000000,130.19000000,130.20000000,276.11761000,1577854499999,35972.93977040,251,71.16911000,9273.01982310,0,2019-12-31 22:50:00,2019-12-31 22:54:59.999
59,1577854500000,130.20000000,130.25000000,130.20000000,130.20000000,107.19058000,1577854799999,13958.14329080,144,48.40719000,6303.74890120,0,2019-12-31 22:55:00,2019-12-31 22:59:59.999
60,1577854800000,130.20000000,130.43000000,130.19000000,130.26000000,533.66696000,1577855099999,69545.15882030,332,223.81019000,29172.74011280,0,2019-12-31 23:00:00,2019-12-31 23:04:59.999
61,1577855100000,130.25000000,130.31000000,130.14000000,130.30000000,308.34652000,1577855399999,40153.81338790,213,240.38337000,31305.03009990,0,2019-12-31 23:05:00,2019-12-31 23:09:59.999
62,1577855400000,130.31000000,130.40000000,130.14000000,130.20000000,681.84592000,1577855699999,88825.99219030,230,244.51116000,31860.25027150,0,2019-12-31 23:10:00,2019-12-31 23:14:59.999
63,1577855700000,130.20000000,130.30000000,130.11000000,130.30000000,159.75451000,1577855999999,20804.23636390,168,37.56083000,4890.51787870,0,2019-12-31 23:15:00,2019-12-31 23:19:59.999
64,1577856000000,130.30000000,130.44000000,130.26000000,130.33000000,197.60372000,1577856299999,25760.59767990,163,147.86199000,19278.27562990,0,2019-12-31 23:20:00,2019-12-31 23:24:59.999
65,1577856300000,130.32000000,130.41000000,130.26000000,130.33000000,336.85976000,1577856599999,43903.73508780,228,135.80430000,17697.42305590,0,2019-12-31 23:25:00,2019-12-31 23:29:59.999
66,1577856600000,130.32000000,130.38000000,130.19000000,130.29000000,909.24410000,1577856899999,118448.42522960,305,250.66484000,32664.48899330,0,2019-12-31 23:30:00,2019-12-31 23:34:59.999
67,1577856900000,130.27000000,130.38000000,130.26000000,130.36000000,126.89157000,1577857199999,16537.57116360,128,84.20661000,10973.41929210,0,2019-12-31 23:35:00,2019-12-31 23:39:59.999
68,1577857200000,130.35000000,130.39000000,130.30000000,130.31000000,119.40369000,1577857499999,15562.69371010,114,46.72079000,6089.45215370,0,2019-12-31 23:40:00,2019-12-31 23:44:59.999
69,1577857500000,130.31000000,130.40000000,130.31000000,130.37000000,155.11692000,1577857799999,20223.62653910,142,116.45192000,15182.56122590,0,2019-12-31 23:45:00,2019-12-31 23:49:59.999
70,1577857800000,130.37000000,130.47000000,130.23000000,130.42000000,410.06960000,1577858099999,53470.82023860,234,289.35942000,37731.74662970,0,2019-12-31 23:50:00,2019-12-31 23:54:59.999
71,1577858100000,130.42000000,130.43000000,130.25000000,130.30000000,304.80313000,1577858399999,39736.03758800,169,86.00950000,11211.05096320,0,2019-12-31 23:55:00,2019-12-31 23:59:59.999
72,1577858400000,130.31000000,130.39000000,130.26000000,130.38000000,158.61738000,1577858699999,20675.19252400,177,93.04209000,12127.32488750,0,2020-01-01 00:00:00,2020-01-01 00:04:59.999
73,1577858700000,130.38000000,130.63000000,130.27000000,130.63000000,690.53451000,1577858999999,90134.97355110,255,562.50589000,73428.24478470,0,2020-01-01 00:05:00,2020-01-01 00:09:59.999
74,1577859000000,130.59000000,130.67000000,130.47000000,130.48000000,288.58499000,1577859299999,37689.69559590,229,98.54244000,12869.38320970,0,2020-01-01 00:10:00,2020-01-01 00:14:59.999
75,1577859300000,130.48000000,130.66000000,130.44000000,130.56000000,458.28782000,1577859599999,59830.78219260,202,227.70978000,29725.50432950,0,2020-01-01 00:15:00,2020-01-01 00:19:59.999
76,1577859600000,130.54000000,130.65000000,130.50000000,130.63000000,161.18592000,1577859899999,21046.41761370,201,115.97063000,15142.41165680,0,2020-01-01 00:20:00,2020-01-01 00:24:59.999
77,1577859900000,130.63000000,130.75000000,130.58000000,130.75000000,272.30884000,1577860199999,35585.12000400,208,148.19166000,19366.15677290,0,2020-01-01 00:25:00,2020-01-01 00:29:59.999
78,1577860200000,130.74000000,130.75000000,130.59000000,130.63000000,192.59833000,1577860499999,25164.56493680,181,79.85931000,10434.89472670,0,2020-01-01 00:30:00,2020-01-01 00:34:59.999
79,1577860500000,130.64000000,130.71000000,130.61000000,130.67000000,129.20784000,1577860799999,16880.91822210,170,64.71733000,8455.21005240,0,2020-01-01 00:35:00,2020-01-01 00:39:59.999
80,1577860800000,130.66000000,130.71000000,130.62000000,130.62000000,161.21687000,1577861099999,21065.36101660,162,90.39994000,11812.26514300,0,2020-01-01 00:40:00,2020-01-01 00:44:59.999
81,1577861100000,130.67000000,130.67000000,130.44000000,130.56000000,606.57609000,1577861399999,79176.81839270,218,249.32262000,32544.61634360,0,2020-01-01 00:45:00,2020-01-01 00:49:59.999
82,1577861400000,130.55000000,130.57000000,130.27000000,130.40000000,260.88630000,1577861699999,34018.07428270,189,169.87840000,22151.30188200,0,2020-01-01 00:50:00,2020-01-01 00:54:59.999
83,1577861700000,130.42000000,130.52000000,130.32000000,130.44000000,288.89677000,1577861999999,37676.24061330,155,149.44495000,19483.47043820,0,2020-01-01 00:55:00,2020-01-01 00:59:59.999
84,1577862000000,130.47000000,130.54000000,130.45000000,130.50000000,101.97753000,1577862299999,13307.03534640,142,40.33447000,5263.62954240,0,2020-01-01 01:00:00,2020-01-01 01:04:59.999
85,1577862300000,130.49000000,130.50000000,130.33000000,130.41000000,332.99095000,1577862599999,43429.56478140,163,160.66687000,20956.36207240,0,2020-01-01 01:05:00,2020-01-01 01:09:59.999
86,1577862600000,130.41000000,130.52000000,130.40000000,130.48000000,205.55689000,1577862899999,26814.82741580,216,44.37384000,5788.32187730,0,2020-01-01 01:10:00,2020-01-01 01:14:59.999
87,1577862900000,130.47000000,130.71000000,130.46000000,130.54000000,347.37916000,1577863199999,45355.20460670,216,239.94566000,31330.27575370,0,2020-01-01 01:15:00,2020-01-01 01:19:59.999
88,1577863200000,130.54000000,130.65000000,130.38000000,130.57000000,317.77086000,1577863499999,41484.78469820,228,140.64052000,18355.52068840,0,2020-01-01 01:20:00,2020-01-01 01:24:59.999
89,1577863500000,130.59000000,130.64000000,130.54000000,130.58000000,327.59561000,1577863799999,42777.13076690,153,279.72200000,36525.28760990,0,2020-01-01 01:25:00,2020-01-01 01:29:59.999
90,1577863800000,130.58000000,130.66000000,130.39000000,130.39000000,392.94698000,1577864099999,51304.04071290,220,81.15164000,10594.09290820,0,2020-01-01 01:30:00,2020-01-01 01:34:59.999
91,1577864100000,130.39000000,130.47000000,130.28000000,130.31000000,287.64456000,1577864399999,37504.64257160,184,178.44778000,23265.09935580,0,2020-01-01 01:35:00,2020-01-01 01:39:59.999
92,1577864400000,130.30000000,130.34000000,130.14000000,130.17000000,765.35094000,1577864699999,99696.49418070,263,517.20148000,67373.92004430,0,2020-01-01 01:40:00,2020-01-01 01:44:59.999
93,1577864700000,130.15000000,130.34000000,130.15000000,130.31000000,284.64495000,1577864999999,37079.86966120,210,98.42719000,12823.52372060,0,2020-01-01 01:45:00,2020-01-01 01:49:59.999
94,1577865000000,130.32000000,130.37000000,130.17000000,130.35000000,533.80647000,1577865299999,69513.04358600,418,177.41261000,23103.36502020,0,2020-01-01 01:50:00,2020-01-01 01:54:59.999
95,1577865300000,130.35000000,130.36000000,130.18000000,130.24000000,249.50923000,1577865599999,32504.10222100,155,140.80499000,18340.20580430,0,2020-01-01 01:55:00,2020-01-01 01:59:59.999
96,1577865600000,130.24000000,130.30000000,130.12000000,130.23000000,358.31788000,1577865899999,46642.94603820,234,172.33301000,22433.45860170,0,2020-01-01 02:00:00,2020-01-01 02:04:59.999
97,1577865900000,130.22000000,130.25000000,130.11000000,130.20000000,395.09295000,1577866199999,51434.36682900,183,191.42872000,24919.99202530,0,2020-01-01 02:05:00,2020-01-01 02:09:59.999
98,1577866200000,130.21000000,130.24000000,130.08000000,130.14000000,645.35780000,1577866499999,83998.56844740,298,266.41015000,34671.94227610,0,2020-01-01 02:10:00,2020-01-01 02:14:59.999
99,1577866500000,130.13000000,130.14000000,129.87000000,129.96000000,2139.17103000,1577866799999,278083.33169540,591,736.19435000,95687.51751010,0,2020-01-01 02:15:00,2020-01-01 02:19:59.999
100,1577866800000,129.95000000,130.10000000,129.91000000,130.02000000,587.95561000,1577867099999,76430.15483750,239,395.96956000,51476.70676460,0,2020-01-01 02:20:00,2020-01-01 02:24:59.999
101,1577867100000,130.00000000,130.14000000,129.87000000,130.00000000,1032.64172000,1577867399999,134291.56699820,281,460.25685000,59835.39314690,0,2020-01-01 02:25:00,2020-01-01 02:29:59.999
102,1577867400000,130.00000000,130.07000000,129.99000000,130.04000000,356.85171000,1577867699999,46398.81152930,171,258.88857000,33661.61307990,0,2020-01-01 02:30:00,2020-01-01 02:34:59.999
103,1577867700000,130.05000000,130.16000000,130.04000000,130.13000000,211.19732000,1577867999999,27474.58221710,139,168.76883000,21953.74911700,0,2020-01-01 02:35:00,2020-01-01 02:39:59.999
104,1577868000000,130.12000000,130.12000000,129.90000000,129.99000000,520.52436000,1577868299999,67694.75116870,197,256.99982000,33419.82343540,0,2020-01-01 02:40:00,2020-01-01 02:44:59.999
105,1577868300000,129.95000000,130.00000000,129.88000000,129.99000000,172.97655000,1577868599999,22479.37980020,162,51.15553000,6647.76314350,0,2020-01-01 02:45:00,2020-01-01 02:49:59.999
106,1577868600000,129.99000000,130.15000000,129.95000000,130.15000000,440.57210000,1577868899999,57308.58857210,204,330.55211000,42998.31820690,0,2020-01-01 02:50:00,2020-01-01 02:54:59.999
107,1577868900000,130.15000000,130.41000000,130.05000000,130.36000000,680.78594000,1577869199999,88656.92068140,340,478.83428000,62347.95822780,0,2020-01-01 02:55:00,2020-01-01 02:59:59.999
108,1577869200000,130.40000000,130.62000000,130.30000000,130.32000000,1397.65009000,1577869499999,182340.29202550,499,748.32162000,97641.17180390,0,2020-01-01 03:00:00,2020-01-01 03:04:59.999
109,1577869500000,130.30000000,130.45000000,130.27000000,130.27000000,534.63092000,1577869799999,69686.34442770,205,311.12179000,40547.62996250,0,2020-01-01 03:05:00,2020-01-01 03:09:59.999
110,1577869800000,130.28000000,130.41000000,130.25000000,130.32000000,619.19307000,1577870099999,80698.06950820,349,356.51957000,46465.59066030,0,2020-01-01 03:10:00,2020-01-01 03:14:59.999
111,1577870100000,130.30000000,130.36000000,130.24000000,130.33000000,309.51732000,1577870399999,40326.04925030,179,113.13283000,14740.69941500,0,2020-01-01 03:15:00,2020-01-01 03:19:59.999
112,1577870400000,130.33000000,130.44000000,130.28000000,130.38000000,270.01405000,1577870699999,35190.43687890,206,130.78254000,17044.42868850,0,2020-01-01 03:20:00,2020-01-01 03:24:59.999
113,1577870700000,130.34000000,130.40000000,130.26000000,130.31000000,383.50609000,1577870999999,49994.40382400,204,294.95534000,38453.23755820,0,2020-01-01 03:25:00,2020-01-01 03:29:59.999
114,1577871000000,130.35000000,130.40000000,130.31000000,130.36000000,139.21535000,1577871299999,18147.72518160,139,67.16118000,8755.43648430,0,2020-01-01 03:30:00,2020-01-01 03:34:59.999
115,1577871300000,130.36000000,130.49000000,130.32000000,130.42000000,245.47800000,1577871599999,32009.97395470,185,80.33549000,10473.41099200,0,2020-01-01 03:35:00,2020-01-01 03:39:59.999
116,1577871600000,130.40000000,130.42000000,130.37000000,130.38000000,124.43012000,1577871899999,16224.07613680,137,55.42442000,7226.47894160,0,2020-01-01 03:40:00,2020-01-01 03:44:59.999
117,1577871900000,130.37000000,130.43000000,130.36000000,130.38000000,61.33191000,1577872199999,7996.41340240,122,28.21246000,3678.33950370,0,2020-01-01 03:45:00,2020-01-01 03:49:59.999
118,1577872200000,130.37000000,130.42000000,130.21000000,130.24000000,382.51757000,1577872499999,49844.97337990,245,143.73202000,18727.57503880,0,2020-01-01 03:50:00,2020-01-01 03:54:59.999
119,1577872500000,130.21000000,130.30000000,130.13000000,130.17000000,340.72047000,1577872799999,44360.28467970,226,115.23280000,15004.22089490,0,2020-01-01 03:55:00,2020-01-01 03:59:59.999
120,1577872800000,130.17000000,130.37000000,130.07000000,130.24000000,599.97499000,1577873099999,78130.92525100,361,274.30347000,35714.08902410,0,2020-01-01 04:00:00,2020-01-01 04:04:59.999
121,1577873100000,130.26000000,130.53000000,130.23000000,130.51000000,322.32524000,1577873399999,42031.37715850,205,197.08396000,25697.45272100,0,2020-01-01 04:05:00,2020-01-01 04:09:59.999
122,1577873400000,130.51000000,130.57000000,130.39000000,130.56000000,672.10385000,1577873699999,87692.33819010,312,322.65481000,42097.24433850,0,2020-01-01 04:10:00,2020-01-01 04:14:59.999
123,1577873700000,130.55000000,130.61000000,130.51000000,130.56000000,255.49602000,1577873999999,33356.72541210,202,123.51576000,16126.91942450,0,2020-01-01 04:15:00,2020-01-01 04:19:59.999
124,1577874000000,130.57000000,130.59000000,130.36000000,130.50000000,1178.59968000,1577874299999,153763.97869160,415,408.66227000,53302.82584360,0,2020-01-01 04:20:00,2020-01-01 04:24:59.999
125,1577874300000,130.50000000,130.60000000,130.45000000,130.59000000,532.37538000,1577874599999,69481.19562800,250,266.38771000,34765.19109990,0,2020-01-01 04:25:00,2020-01-01 04:29:59.999
126,1577874600000,130.59000000,130.59000000,130.49000000,130.52000000,113.22810000,1577874899999,14777.59915580,125,52.83909000,6896.83720930,0,2020-01-01 04:30:00,2020-01-01 04:34:59.999
127,1577874900000,130.51000000,130.60000000,130.49000000,130.60000000,78.43562000,1577875199999,10237.50990450,114,34.31334000,4479.51015300,0,2020-01-01 04:35:00,2020-01-01 04:39:59.999
128,1577875200000,130.60000000,130.79000000,130.60000000,130.78000000,277.63389000,1577875499999,36283.47987730,238,192.69406000,25184.43106830,0,2020-01-01 04:40:00,2020-01-01 04:44:59.999
129,1577875500000,130.78000000,130.82000000,130.69000000,130.74000000,214.00839000,1577875799999,27985.60553560,159,97.33040000,12728.54020180,0,2020-01-01 04:45:00,2020-01-01 04:49:59.999
130,1577875800000,130.74000000,130.75000000,130.63000000,130.67000000,224.90276000,1577876099999,29390.71991600,129,50.56690000,6608.34805050,0,2020-01-01 04:50:00,2020-01-01 04:54:59.999
131,1577876100000,130.64000000,130.71000000,130.63000000,130.70000000,156.41778000,1577876399999,20444.16730180,108,36.54596000,4776.60220060,0,2020-01-01 04:55:00,2020-01-01 04:59:59.999
132,1577876400000,130.67000000,130.71000000,130.61000000,130.69000000,286.31726000,1577876699999,37412.60117590,159,75.03259000,9804.14458760,0,2020-01-01 05:00:00,2020-01-01 05:04:59.999
133,1577876700000,130.70000000,130.71000000,130.60000000,130.70000000,162.73481000,1577876999999,21265.34842440,126,62.29201000,8141.27279870,0,2020-01-01 05:05:00,2020-01-01 05:09:59.999
134,1577877000000,130.70000000,130.80000000,130.69000000,130.77000000,240.17416000,1577877299999,31403.60580760,114,110.25836000,14413.57954660,0,2020-01-01 05:10:00,2020-01-01 05:14:59.999
135,1577877300000,130.77000000,130.78000000,130.69000000,130.76000000,286.72917000,1577877599999,37485.96945510,138,241.01677000,31511.01247490,0,2020-01-01 05:15:00,2020-01-01 05:19:59.999
136,1577877600000,130.74000000,131.66000000,130.74000000,131.66000000,2413.53172000,1577877899999,316833.88767300,1204,1522.28964000,199843.18834450,0,2020-01-01 05:20:00,2020-01-01 05:24:59.999
137,1577877900000,131.66000000,131.87000000,131.62000000,131.70000000,2059.01800000,1577878199999,271278.57177140,1640,1226.65304000,161622.22334800,0,2020-01-01 05:25:00,2020-01-01 05:29:59.999
138,1577878200000,131.70000000,131.79000000,131.49000000,131.49000000,771.24635000,1577878499999,101539.60335500,652,420.13979000,55319.78511730,0,2020-01-01 05:30:00,2020-01-01 05:34:59.999
139,1577878500000,131.53000000,131.53000000,131.33000000,131.44000000,644.54293000,1577878799999,84696.10505750,334,518.07328000,68078.23322220,0,2020-01-01 05:35:00,2020-01-01 05:39:59.999
140,1577878800000,131.44000000,131.60000000,131.35000000,131.58000000,302.52768000,1577879099999,39775.83452420,273,144.20468000,18963.72408430,0,2020-01-01 05:40:00,2020-01-01 05:44:59.999
141,1577879100000,131.61000000,131.67000000,131.23000000,131.24000000,1301.47839000,1577879399999,171088.19871550,450,588.49481000,77399.04437170,0,2020-01-01 05:45:00,2020-01-01 05:49:59.999
142,1577879400000,131.24000000,131.24000000,130.62000000,130.70000000,2091.57239000,1577879699999,273638.56530770,676,839.68223000,109868.96348610,0,2020-01-01 05:50:00,2020-01-01 05:54:59.999
143,1577879700000,130.71000000,130.89000000,130.65000000,130.74000000,287.91746000,1577879999999,37644.89489690,211,140.63726000,18392.03464490,0,2020-01-01 05:55:00,2020-01-01 05:59:59.999
144,1577880000000,130.74000000,131.05000000,130.70000000,130.95000000,566.19582000,1577880299999,74113.31969950,346,338.39500000,44296.14970650,0,2020-01-01 06:00:00,2020-01-01 06:04:59.999
145,1577880300000,130.94000000,131.17000000,130.94000000,131.13000000,189.42274000,1577880599999,24827.02392350,224,76.20857000,9990.13659960,0,2020-01-01 06:05:00,2020-01-01 06:09:59.999
146,1577880600000,131.13000000,131.20000000,130.95000000,130.99000000,771.41906000,1577880899999,101066.00569780,248,484.10484000,63417.13688570,0,2020-01-01 06:10:00,2020-01-01 06:14:59.999
147,1577880900000,130.96000000,131.24000000,130.95000000,131.23000000,97.84665000,1577881199999,12829.14424680,166,49.84959000,6537.20896150,0,2020-01-01 06:15:00,2020-01-01 06:19:59.999
148,1577881200000,131.18000000,131.33000000,131.18000000,131.32000000,161.91327000,1577881499999,21252.87251560,182,94.63279000,12421.65485370,0,2020-01-01 06:20:00,2020-01-01 06:24:59.999
149,1577881500000,131.32000000,131.35000000,130.97000000,131.05000000,279.58992000,1577881799999,36675.57807210,226,138.95530000,18224.34503980,0,2020-01-01 06:25:00,2020-01-01 06:29:59.999
150,1577881800000,131.02000000,131.11000000,130.96000000,131.11000000,399.96439000,1577882099999,52397.71656890,238,192.65745000,25240.22410220,0,2020-01-01 06:30:00,2020-01-01 06:34:59.999
151,1577882100000,131.08000000,131.28000000,131.07000000,131.18000000,214.05916000,1577882399999,28085.91916370,199,90.34753000,11853.18643270,0,2020-01-01 06:35:00,2020-01-01 06:39:59.999
152,1577882400000,131.18000000,131.37000000,131.15000000,131.25000000,346.70314000,1577882699999,45509.33801610,239,230.23558000,30224.73661420,0,2020-01-01 06:40:00,2020-01-01 06:44:59.999
153,1577882700000,131.26000000,131.46000000,131.19000000,131.37000000,519.93333000,1577882999999,68287.50141600,269,446.57699000,58656.04230940,0,2020-01-01 06:45:00,2020-01-01 06:49:59.999
154,1577883000000,131.38000000,131.43000000,131.26000000,131.43000000,127.35162000,1577883299999,16726.98995620,164,89.90032000,11809.42167250,0,2020-01-01 06:50:00,2020-01-01 06:54:59.999
155,1577883300000,131.43000000,131.61000000,131.40000000,131.61000000,488.90757000,1577883599999,64299.35674530,361,382.99022000,50369.71531600,0,2020-01-01 06:55:00,2020-01-01 06:59:59.999
156,1577883600000,131.60000000,131.90000000,131.59000000,131.68000000,1525.63341000,1577883899999,201036.06949380,837,873.89985000,115151.78071130,0,2020-01-01 07:00:00,2020-01-01 07:04:59.999
157,1577883900000,131.69000000,131.80000000,131.48000000,131.56000000,854.58118000,1577884199999,112506.23903840,396,410.24111000,54022.01734530,0,2020-01-01 07:05:00,2020-01-01 07:09:59.999
158,1577884200000,131.56000000,131.59000000,131.46000000,131.50000000,1053.03153000,1577884499999,138515.39627140,308,706.90604000,92999.47852270,0,2020-01-01 07:10:00,2020-01-01 07:14:59.999
159,1577884500000,131.55000000,131.59000000,131.28000000,131.30000000,992.80892000,1577884799999,130489.48962080,380,657.80228000,86461.28639470,0,2020-01-01 07:15:00,2020-01-01 07:19:59.999
160,1577884800000,131.30000000,131.49000000,131.28000000,131.45000000,722.41900000,1577885099999,94926.22060760,239,570.30301000,74943.77594440,0,2020-01-01 07:20:00,2020-01-01 07:24:59.999
161,1577885100000,131.44000000,131.50000000,131.40000000,131.46000000,149.95153000,1577885399999,19712.29958880,148,93.09046000,12237.71589050,0,2020-01-01 07:25:00,2020-01-01 07:29:59.999
162,1577885400000,131.43000000,131.62000000,131.39000000,131.57000000,240.07453000,1577885699999,31567.21252590,197,109.57817000,14408.92555830,0,2020-01-01 07:30:00,2020-01-01 07:34:59.999
163,1577885700000,131.63000000,131.69000000,131.57000000,131.65000000,285.56260000,1577885999999,37586.43259960,272,116.06267000,15278.33541360,0,2020-01-01 07:35:00,2020-01-01 07:39:59.999
164,1577886000000,131.66000000,131.73000000,131.53000000,131.68000000,461.84002000,1577886299999,60803.12334690,252,235.99140000,31073.76983760,0,2020-01-01 07:40:00,2020-01-01 07:44:59.999
165,1577886300000,131.66000000,131.70000000,131.60000000,131.65000000,63.60180000,1577886599999,8371.60785070,108,27.44743000,3613.35940160,0,2020-01-01 07:45:00,2020-01-01 07:49:59.999
166,1577886600000,131.65000000,131.75000000,131.62000000,131.72000000,317.18060000,1577886899999,41769.19973940,219,235.82640000,31056.21188910,0,2020-01-01 07:50:00,2020-01-01 07:54:59.999
167,1577886900000,131.75000000,131.88000000,131.59000000,131.68000000,493.96790000,1577887199999,65083.63542970,277,394.40610000,51971.20827050,0,2020-01-01 07:55:00,2020-01-01 07:59:59.999
168,1577887200000,131.66000000,131.70000000,131.34000000,131.43000000,721.70759000,1577887499999,94976.21709140,255,287.05164000,37773.23035670,0,2020-01-01 08:00:00,2020-01-01 08:04:59.999
169,1577887500000,131.43000000,131.50000000,131.24000000,131.48000000,422.78091000,1577887799999,55542.22996650,227,213.38345000,28045.54218330,0,2020-01-01 08:05:00,2020-01-01 08:09:59.999
170,1577887800000,131.48000000,131.65000000,131.36000000,131.63000000,400.16451000,1577888099999,52601.18221510,223,161.74552000,21266.89462020,0,2020-01-01 08:10:00,2020-01-01 08:14:59.999
171,1577888100000,131.64000000,131.89000000,131.60000000,131.86000000,1006.99886000,1577888399999,132716.81464000,377,281.21324000,37058.00211210,0,2020-01-01 08:15:00,2020-01-01 08:19:59.999
172,1577888400000,131.87000000,132.23000000,131.86000000,131.96000000,1693.61836000,1577888699999,223639.30573220,708,767.13172000,101291.76941380,0,2020-01-01 08:20:00,2020-01-01 08:24:59.999
173,1577888700000,131.96000000,132.20000000,131.92000000,132.20000000,196.00912000,1577888999999,25876.12989650,158,102.02732000,13471.93195560,0,2020-01-01 08:25:00,2020-01-01 08:29:59.999
174,1577889000000,132.20000000,132.25000000,131.87000000,132.20000000,1068.49148000,1577889299999,141168.80076770,342,456.36811000,60303.88821070,0,2020-01-01 08:30:00,2020-01-01 08:34:59.999
175,1577889300000,132.18000000,132.37000000,132.02000000,132.08000000,415.09142000,1577889599999,54894.10969720,254,192.35582000,25437.61485980,0,2020-01-01 08:35:00,2020-01-01 08:39:59.999
176,1577889600000,132.08000000,132.28000000,131.98000000,132.06000000,462.74055000,1577889899999,61107.03639750,218,265.62515000,35069.46924780,0,2020-01-01 08:40:00,2020-01-01 08:44:59.999
177,1577889900000,132.08000000,132.08000000,131.88000000,131.88000000,486.59881000,1577890199999,64216.36848940,233,295.59815000,39017.89828320,0,2020-01-01 08:45:00,2020-01-01 08:49:59.999
178,1577890200000,131.92000000,131.97000000,131.87000000,131.97000000,186.06019000,1577890499999,24545.83676170,136,146.21046000,19289.49897070,0,2020-01-01 08:50:00,2020-01-01 08:54:59.999
179,1577890500000,131.96000000,131.98000000,131.82000000,131.96000000,264.99582000,1577890799999,34951.32181400,207,143.68963000,18951.00122740,0,2020-01-01 08:55:00,2020-01-01 08:59:59.999
180,1577890800000,131.95000000,132.04000000,131.93000000,131.98000000,249.54091000,1577891099999,32935.69485670,217,153.02357000,20198.47963730,0,2020-01-01 09:00:00,2020-01-01 09:04:59.999
181,1577891100000,131.95000000,132.20000000,131.94000000,132.10000000,488.54725000,1577891399999,64509.81606530,304,223.64975000,29534.96428560,0,2020-01-01 09:05:00,2020-01-01 09:09:59.999
182,1577891400000,132.09000000,132.19000000,131.98000000,132.01000000,538.50769000,1577891699999,71101.65180180,260,310.71222000,41025.05544210,0,2020-01-01 09:10:00,2020-01-01 09:14:59.999
183,1577891700000,132.01000000,132.03000000,131.83000000,131.84000000,470.73662000,1577891999999,62110.50684140,271,223.35517000,29471.25369880,0,2020-01-01 09:15:00,2020-01-01 09:19:59.999
184,1577892000000,131.82000000,131.85000000,131.60000000,131.72000000,476.74778000,1577892299999,62782.83443900,217,339.33240000,44684.88518050,0,2020-01-01 09:20:00,2020-01-01 09:24:59.999
185,1577892300000,131.73000000,131.76000000,131.67000000,131.74000000,281.18348000,1577892599999,37039.92167470,178,205.24716000,27038.79196860,0,2020-01-01 09:25:00,2020-01-01 09:29:59.999
186,1577892600000,131.74000000,131.89000000,131.71000000,131.88000000,302.36373000,1577892899999,39847.89154090,183,228.05840000,30057.63645940,0,2020-01-01 09:30:00,2020-01-01 09:34:59.999
187,1577892900000,131.88000000,132.40000000,131.78000000,132.39000000,935.59027000,1577893199999,123563.32094970,447,696.34418000,91962.96782520,0,2020-01-01 09:35:00,2020-01-01 09:39:59.999
188,1577893200000,132.39000000,132.40000000,131.90000000,132.03000000,534.10203000,1577893499999,70580.94766370,352,221.60066000,29286.26402320,0,2020-01-01 09:40:00,2020-01-01 09:44:59.999
189,1577893500000,132.03000000,132.17000000,131.88000000,131.89000000,281.52605000,1577893799999,37166.02463300,192,114.13456000,15070.37483620,0,2020-01-01 09:45:00,2020-01-01 09:49:59.999
190,1577893800000,131.89000000,132.07000000,131.67000000,131.91000000,649.60025000,1577894099999,85599.71621220,333,375.60335000,49486.88406400,0,2020-01-01 09:50:00,2020-01-01 09:54:59.999
191,1577894100000,131.90000000,132.10000000,131.88000000,132.08000000,152.62320000,1577894399999,20144.71192600,194,99.65966000,13154.24667550,0,2020-01-01 09:55:00,2020-01-01 09:59:59.999
192,1577894400000,132.08000000,132.38000000,132.04000000,132.04000000,707.23340000,1577894699999,93535.69779770,495,350.11873000,46311.68243850,0,2020-01-01 10:00:00,2020-01-01 10:04:59.999
193,1577894700000,132.05000000,132.16000000,131.82000000,132.08000000,477.45809000,1577894999999,63031.98042760,221,169.58314000,22387.76156010,0,2020-01-01 10:05:00,2020-01-01 10:09:59.999
194,1577895000000,132.08000000,132.30000000,132.01000000,132.23000000,245.85077000,1577895299999,32484.76239950,192,184.72601000,24407.36440710,0,2020-01-01 10:10:00,2020-01-01 10:14:59.999
195,1577895300000,132.23000000,132.25000000,131.95000000,131.96000000,740.41833000,1577895599999,97789.00883360,295,219.61845000,29016.60650870,0,2020-01-01 10:15:00,2020-01-01 10:19:59.999
196,1577895600000,131.97000000,132.09000000,131.78000000,131.96000000,343.42279000,1577895899999,45313.20947860,204,98.95760000,13059.21468910,0,2020-01-01 10:20:00,2020-01-01 10:24:59.999
197,1577895900000,131.99000000,132.10000000,131.79000000,132.06000000,773.80317000,1577896199999,102089.90509890,206,543.46047000,71697.34794380,0,2020-01-01 10:25:00,2020-01-01 10:29:59.999
198,1577896200000,132.05000000,132.15000000,131.96000000,132.10000000,235.81475000,1577896499999,31144.65586040,192,126.16979000,16667.07639020,0,2020-01-01 10:30:00,2020-01-01 10:34:59.999
199,1577896500000,132.10000000,132.30000000,132.07000000,132.29000000,609.70222000,1577896799999,80624.98951660,324,297.31735000,39316.13510190,0,2020-01-01 10:35:00,2020-01-01 10:39:59.999
200,1577896800000,132.27000000,132.40000000,132.26000000,132.33000000,287.55911000,1577897099999,38051.43933130,279,172.42427000,22818.01802740,0,2020-01-01 10:40:00,2020-01-01 10:44:59.999
201,1577897100000,132.33000000,132.38000000,132.27000000,132.34000000,379.80754000,1577897399999,50263.79297500,241,284.34093000,37633.39445660,0,2020-01-01 10:45:00,2020-01-01 10:49:59.999
202,1577897400000,132.33000000,132.60000000,132.32000000,132.59000000,1034.99847000,1577897699999,137079.70820380,390,889.56107000,117820.20979980,0,2020-01-01 10:50:00,2020-01-01 10:54:59.999
203,1577897700000,132.57000000,132.95000000,132.48000000,132.85000000,1079.14042000,1577897999999,143234.24800270,603,682.48869000,90595.30212960,0,2020-01-01 10:55:00,2020-01-01 10:59:59.999
204,1577898000000,132.86000000,133.05000000,132.48000000,132.52000000,1169.88197000,1577898299999,155465.80406480,501,786.67314000,104581.98251080,0,2020-01-01 11:00:00,2020-01-01 11:04:59.999
205,1577898300000,132.52000000,132.72000000,132.42000000,132.72000000,358.39770000,1577898599999,47504.40604810,213,225.01320000,29828.46092820,0,2020-01-01 11:05:00,2020-01-01 11:09:59.999
206,1577898600000,132.72000000,132.98000000,132.57000000,132.60000000,620.38680000,1577898899999,82381.91980940,345,424.34407000,56352.61049110,0,2020-01-01 11:10:00,2020-01-01 11:14:59.999
207,1577898900000,132.62000000,132.91000000,132.40000000,132.46000000,776.66259000,1577899199999,103008.45458470,388,262.98968000,34869.73568850,0,2020-01-01 11:15:00,2020-01-01 11:19:59.999
208,1577899200000,132.45000000,132.81000000,132.39000000,132.59000000,615.71833000,1577899499999,81645.11963670,375,376.42276000,49920.47507750,0,2020-01-01 11:20:00,2020-01-01 11:24:59.999
209,1577899500000,132.60000000,132.80000000,132.60000000,132.69000000,219.91627000,1577899799999,29191.29359080,135,136.88214000,18173.39163910,0,2020-01-01 11:25:00,2020-01-01 11:29:59.999
210,1577899800000,132.69000000,132.72000000,132.30000000,132.30000000,389.51216000,1577900099999,51621.36516980,237,153.87075000,20386.11814920,0,2020-01-01 11:30:00,2020-01-01 11:34:59.999
211,1577900100000,132.31000000,132.61000000,132.29000000,132.29000000,333.90229000,1577900399999,44222.46969690,306,280.30502000,37125.71477530,0,2020-01-01 11:35:00,2020-01-01 11:39:59.999
212,1577900400000,132.29000000,132.36000000,132.27000000,132.29000000,405.71876000,1577900699999,53681.53374320,152,280.56406000,37120.80697630,0,2020-01-01 11:40:00,2020-01-01 11:44:59.999
213,1577900700000,132.29000000,132.53000000,132.29000000,132.39000000,359.33524000,1577900999999,47565.24587160,205,253.56535000,33559.91697890,0,2020-01-01 11:45:00,2020-01-01 11:49:59.999
214,1577901000000,132.39000000,132.44000000,132.34000000,132.40000000,94.71582000,1577901299999,12539.95250220,144,82.78635000,10960.47585260,0,2020-01-01 11:50:00,2020-01-01 11:54:59.999
215,1577901300000,132.39000000,132.40000000,132.30000000,132.34000000,79.85939000,1577901599999,10570.14122400,134,40.75792000,5394.89805090,0,2020-01-01 11:55:00,2020-01-01 11:59:59.999
216,1577901600000,132.34000000,132.41000000,132.14000000,132.15000000,302.12007000,1577901899999,39956.40486250,232,172.10599000,22760.05918570,0,2020-01-01 12:00:00,2020-01-01 12:04:59.999
217,1577901900000,132.15000000,132.42000000,132.15000000,132.40000000,87.63361000,1577902199999,11595.37782110,114,49.40443000,6534.76706630,0,2020-01-01 12:05:00,2020-01-01 12:09:59.999
218,1577902200000,132.41000000,132.46000000,132.26000000,132.38000000,187.50691000,1577902499999,24819.73030610,216,49.63017000,6569.30833080,0,2020-01-01 12:10:00,2020-01-01 12:14:59.999
219,1577902500000,132.38000000,132.46000000,132.31000000,132.37000000,197.67164000,1577902799999,26168.21452790,178,68.89638000,9121.97547990,0,2020-01-01 12:15:00,2020-01-01 12:19:59.999
220,1577902800000,132.37000000,132.41000000,132.30000000,132.38000000,221.80280000,1577903099999,29353.39125790,252,41.52009000,5496.00621780,0,2020-01-01 12:20:00,2020-01-01 12:24:59.999
221,1577903100000,132.38000000,132.39000000,131.73000000,131.81000000,1370.12664000,1577903399999,180976.61996100,528,273.57069000,36134.02423670,0,2020-01-01 12:25:00,2020-01-01 12:29:59.999
222,1577903400000,131.82000000,131.90000000,131.57000000,131.67000000,568.31834000,1577903699999,74872.13945950,369,280.68072000,36976.72019290,0,2020-01-01 12:30:00,2020-01-01 12:34:59.999
223,1577903700000,131.68000000,131.81000000,131.64000000,131.71000000,388.14412000,1577903999999,51123.61435590,205,139.49066000,18376.74095920,0,2020-01-01 12:35:00,2020-01-01 12:39:59.999
224,1577904000000,131.72000000,132.01000000,131.67000000,131.97000000,999.54041000,1577904299999,131825.37952100,258,920.36411000,121384.20460530,0,2020-01-01 12:40:00,2020-01-01 12:44:59.999
225,1577904300000,131.97000000,131.98000000,131.67000000,131.73000000,994.95114000,1577904599999,131074.28846320,248,141.79289000,18690.77003670,0,2020-01-01 12:45:00,2020-01-01 12:49:59.999
226,1577904600000,131.74000000,131.80000000,131.74000000,131.78000000,37.58857000,1577904899999,4953.11760270,86,25.92066000,3415.77457370,0,2020-01-01 12:50:00,2020-01-01 12:54:59.999
227,1577904900000,131.79000000,132.13000000,131.78000000,132.04000000,352.38915000,1577905199999,46525.46446480,245,140.81051000,18589.72039000,0,2020-01-01 12:55:00,2020-01-01 12:59:59.999
228,1577905200000,132.04000000,132.04000000,131.78000000,131.82000000,192.50821000,1577905499999,25387.60044260,197,70.06899000,9240.17093590,0,2020-01-01 13:00:00,2020-01-01 13:04:59.999
229,1577905500000,131.84000000,131.86000000,131.63000000,131.75000000,291.29174000,1577905799999,38369.98026830,206,133.15036000,17540.54958710,0,2020-01-01 13:05:00,2020-01-01 13:09:59.999
230,1577905800000,131.72000000,131.85000000,131.62000000,131.85000000,399.68543000,1577906099999,52651.27994930,156,343.22273000,45216.30154420,0,2020-01-01 13:10:00,2020-01-01 13:14:59.999
231,1577906100000,131.84000000,131.99000000,131.84000000,131.93000000,141.94056000,1577906399999,18723.57361350,113,36.49554000,4813.39649310,0,2020-01-01 13:15:00,2020-01-01 13:19:59.999
232,1577906400000,131.96000000,131.96000000,131.64000000,131.68000000,203.08853000,1577906699999,26758.98120800,210,61.36593000,8085.34900970,0,2020-01-01 13:20:00,2020-01-01 13:24:59.999
233,1577906700000,131.68000000,131.84000000,131.64000000,131.80000000,112.82402000,1577906999999,14867.04540780,135,27.44409000,3616.62213140,0,2020-01-01 13:25:00,2020-01-01 13:29:59.999
234,1577907000000,131.80000000,132.16000000,131.74000000,131.98000000,335.53992000,1577907299999,44292.03968260,275,112.98734000,14913.48566600,0,2020-01-01 13:30:00,2020-01-01 13:34:59.999
235,1577907300000,132.01000000,132.05000000,131.85000000,131.88000000,84.08821000,1577907599999,11096.99535740,109,35.47842000,4682.15510650,0,2020-01-01 13:35:00,2020-01-01 13:39:59.999
236,1577907600000,131.90000000,132.00000000,131.80000000,131.82000000,114.85833000,1577907899999,15151.65125410,181,47.83545000,6310.24272360,0,2020-01-01 13:40:00,2020-01-01 13:44:59.999
237,1577907900000,131.82000000,132.00000000,131.80000000,131.96000000,98.48308000,1577908199999,12990.83441950,157,68.21939000,8998.61170580,0,2020-01-01 13:45:00,2020-01-01 13:49:59.999
238,1577908200000,131.97000000,132.04000000,131.94000000,131.94000000,94.03386000,1577908499999,12412.11050090,145,50.04733000,6606.79837130,0,2020-01-01 13:50:00,2020-01-01 13:54:59.999
239,1577908500000,131.92000000,131.96000000,131.79000000,131.86000000,42.87254000,1577908799999,5653.65594500,111,11.21389000,1478.82239850,0,2020-01-01 13:55:00,2020-01-01 13:59:59.999
240,1577908800000,131.86000000,131.98000000,131.84000000,131.90000000,129.18950000,1577909099999,17041.70310720,172,64.93251000,8566.30838510,0,2020-01-01 14:00:00,2020-01-01 14:04:59.999
241,1577909100000,131.90000000,131.96000000,131.78000000,131.78000000,66.99107000,1577909399999,8836.49881300,109,26.67261000,3518.67514570,0,2020-01-01 14:05:00,2020-01-01 14:09:59.999
242,1577909400000,131.79000000,131.91000000,131.79000000,131.85000000,72.21785000,1577909699999,9522.06313470,112,10.82258000,1426.93740050,0,2020-01-01 14:10:00,2020-01-01 14:14:59.999
243,1577909700000,131.85000000,131.88000000,131.70000000,131.75000000,102.81617000,1577909999999,13548.89488620,132,33.34425000,4394.42619840,0,2020-01-01 14:15:00,2020-01-01 14:19:59.999
244,1577910000000,131.74000000,131.80000000,131.72000000,131.76000000,61.74078000,1577910299999,8134.47468520,95,27.67336000,3645.94698730,0,2020-01-01 14:20:00,2020-01-01 14:24:59.999
245,1577910300000,131.76000000,132.25000000,131.76000000,132.17000000,783.94858000,1577910599999,103557.87219020,457,447.39635000,59098.43286190,0,2020-01-01 14:25:00,2020-01-01 14:29:59.999
246,1577910600000,132.17000000,132.20000000,131.99000000,132.02000000,91.79364000,1577910899999,12124.68418390,158,57.01511000,7531.64905220,0,2020-01-01 14:30:00,2020-01-01 14:34:59.999
247,1577910900000,132.02000000,132.19000000,131.89000000,132.11000000,74.21002000,1577911199999,9799.66327290,159,51.44267000,6794.73033130,0,2020-01-01 14:35:00,2020-01-01 14:39:59.999
248,1577911200000,132.09000000,132.13000000,132.00000000,132.11000000,306.54360000,1577911499999,40482.05166630,159,101.38719000,13389.88638420,0,2020-01-01 14:40:00,2020-01-01 14:44:59.999
249,1577911500000,132.10000000,132.13000000,132.00000000,132.11000000,34.95390000,1577911799999,4616.10208820,107,13.21473000,1745.53376120,0,2020-01-01 14:45:00,2020-01-01 14:49:59.999
250,1577911800000,132.11000000,132.22000000,132.07000000,132.18000000,120.53191000,1577912099999,15931.01515300,161,79.40652000,10496.13898070,0,2020-01-01 14:50:00,2020-01-01 14:54:59.999
251,1577912100000,132.18000000,132.24000000,132.13000000,132.18000000,169.85583000,1577912399999,22453.38830600,167,108.11686000,14294.14331250,0,2020-01-01 14:55:00,2020-01-01 14:59:59.999
252,1577912400000,132.17000000,132.20000000,132.02000000,132.09000000,122.14480000,1577912699999,16135.12024340,165,55.61618000,7346.90508620,0,2020-01-01 15:00:00,2020-01-01 15:04:59.999
253,1577912700000,132.09000000,132.29000000,132.06000000,132.27000000,256.26997000,1577912999999,33869.81745180,245,88.43103000,11686.88892950,0,2020-01-01 15:05:00,2020-01-01 15:09:59.999
254,1577913000000,132.28000000,132.30000000,132.02000000,132.10000000,195.62567000,1577913299999,25852.07196790,168,41.96452000,5545.73683170,0,2020-01-01 15:10:00,2020-01-01 15:14:59.999
255,1577913300000,132.07000000,132.14000000,132.00000000,132.04000000,91.16516000,1577913599999,12039.71289930,134,37.15271000,4907.03439290,0,2020-01-01 15:15:00,2020-01-01 15:19:59.999
256,1577913600000,132.04000000,132.32000000,132.01000000,132.29000000,135.32928000,1577913899999,17890.58808440,142,109.97898000,14540.18121150,0,2020-01-01 15:20:00,2020-01-01 15:24:59.999
257,1577913900000,132.29000000,132.37000000,132.05000000,132.06000000,239.46373000,1577914199999,31656.22478330,169,73.53992000,9723.07839810,0,2020-01-01 15:25:00,2020-01-01 15:29:59.999
258,1577914200000,132.06000000,132.18000000,132.06000000,132.14000000,48.91968000,1577914499999,6464.24863860,112,22.23583000,2938.65692080,0,2020-01-01 15:30:00,2020-01-01 15:34:59.999
259,1577914500000,132.14000000,132.16000000,131.80000000,131.80000000,1625.38432000,1577914799999,214550.60697470,263,179.56691000,23703.91895440,0,2020-01-01 15:35:00,2020-01-01 15:39:59.999
260,1577914800000,131.80000000,132.00000000,131.68000000,131.95000000,514.94368000,1577915099999,67884.54038060,277,355.07533000,46812.34744300,0,2020-01-01 15:40:00,2020-01-01 15:44:59.999
261,1577915100000,131.95000000,132.18000000,131.90000000,132.14000000,121.66392000,1577915399999,16060.02265190,162,97.80227000,12910.58372180,0,2020-01-01 15:45:00,2020-01-01 15:49:59.999
262,1577915400000,132.14000000,132.20000000,131.71000000,131.85000000,770.93425000,1577915699999,101710.56136790,363,376.97291000,49722.19923410,0,2020-01-01 15:50:00,2020-01-01 15:54:59.999
263,1577915700000,131.87000000,131.95000000,131.76000000,131.78000000,757.57579000,1577915999999,99892.52025230,210,403.04113000,53141.64677780,0,2020-01-01 15:55:00,2020-01-01 15:59:59.999
264,1577916000000,131.82000000,131.82000000,130.72000000,130.83000000,4997.78326000,1577916299999,655506.84498430,1807,1307.26956000,171543.33835310,0,2020-01-01 16:00:00,2020-01-01 16:04:59.999
265,1577916300000,130.84000000,131.10000000,130.30000000,130.50000000,3233.22051000,1577916599999,422247.19054810,1457,1398.38939000,182652.24803070,0,2020-01-01 16:05:00,2020-01-01 16:09:59.999
266,1577916600000,130.48000000,130.72000000,130.38000000,130.68000000,360.24855000,1577916899999,47018.66316840,284,217.34901000,28368.70545250,0,2020-01-01 16:10:00,2020-01-01 16:14:59.999
267,1577916900000,130.69000000,130.73000000,130.64000000,130.69000000,172.06611000,1577917199999,22485.71919870,173,33.17905000,4336.71944770,0,2020-01-01 16:15:00,2020-01-01 16:19:59.999
268,1577917200000,130.66000000,130.67000000,130.34000000,130.56000000,439.58900000,1577917499999,57359.69260550,279,154.59452000,20171.95690600,0,2020-01-01 16:20:00,2020-01-01 16:24:59.999
269,1577917500000,130.56000000,130.59000000,130.39000000,130.41000000,213.73930000,1577917799999,27892.60517830,244,87.86284000,11470.52609140,0,2020-01-01 16:25:00,2020-01-01 16:29:59.999
270,1577917800000,130.36000000,130.40000000,130.10000000,130.23000000,1576.05396000,1577918099999,205220.23168730,460,1094.28710000,142495.41789510,0,2020-01-01 16:30:00,2020-01-01 16:34:59.999
271,1577918100000,130.19000000,130.28000000,130.19000000,130.21000000,93.42414000,1577918399999,12167.39439440,147,50.46975000,6573.74204720,0,2020-01-01 16:35:00,2020-01-01 16:39:59.999
272,1577918400000,130.24000000,130.26000000,129.90000000,130.08000000,695.26377000,1577918699999,90410.45235560,348,120.73576000,15702.56833150,0,2020-01-01 16:40:00,2020-01-01 16:44:59.999
273,1577918700000,130.09000000,130.15000000,129.93000000,129.98000000,376.98354000,1577918999999,49011.31290740,212,93.65002000,12177.71782610,0,2020-01-01 16:45:00,2020-01-01 16:49:59.999
274,1577919000000,129.98000000,130.29000000,129.98000000,130.27000000,483.90928000,1577919299999,62961.70812830,329,276.57423000,35986.31231440,0,2020-01-01 16:50:00,2020-01-01 16:54:59.999
275,1577919300000,130.28000000,130.55000000,130.10000000,130.27000000,2233.78607000,1577919599999,291090.12259510,646,686.41112000,89494.81826840,0,2020-01-01 16:55:00,2020-01-01 16:59:59.999
276,1577919600000,130.28000000,130.28000000,130.04000000,130.17000000,191.32104000,1577919899999,24900.46989140,239,109.70148000,14278.74891290,0,2020-01-01 17:00:00,2020-01-01 17:04:59.999
277,1577919900000,130.18000000,130.26000000,129.85000000,129.95000000,597.17139000,1577920199999,77662.38314930,283,149.58236000,19454.94705850,0,2020-01-01 17:05:00,2020-01-01 17:09:59.999
278,1577920200000,129.94000000,130.02000000,129.74000000,129.93000000,727.79910000,1577920499999,94519.93574670,427,348.78966000,45303.99243130,0,2020-01-01 17:10:00,2020-01-01 17:14:59.999
279,1577920500000,129.92000000,130.26000000,129.92000000,130.07000000,398.43484000,1577920799999,51838.38235300,409,237.45479000,30895.46097510,0,2020-01-01 17:15:00,2020-01-01 17:19:59.999
280,1577920800000,130.07000000,130.30000000,130.07000000,130.25000000,97.78921000,1577921099999,12734.04512720,149,62.13762000,8092.93435210,0,2020-01-01 17:20:00,2020-01-01 17:24:59.999
281,1577921100000,130.26000000,130.56000000,130.26000000,130.47000000,298.83198000,1577921399999,38977.38618800,355,162.13416000,21148.47233500,0,2020-01-01 17:25:00,2020-01-01 17:29:59.999
282,1577921400000,130.47000000,130.47000000,130.17000000,130.29000000,259.18357000,1577921699999,33777.69519880,194,72.49559000,9445.86219630,0,2020-01-01 17:30:00,2020-01-01 17:34:59.999
283,1577921700000,130.31000000,130.53000000,130.28000000,130.45000000,313.21638000,1577921999999,40851.85837280,416,211.33848000,27566.25480990,0,2020-01-01 17:35:00,2020-01-01 17:39:59.999
284,1577922000000,130.45000000,130.58000000,130.42000000,130.48000000,191.36655000,1577922299999,24972.98482120,138,163.05158000,21277.96868300,0,2020-01-01 17:40:00,2020-01-01 17:44:59.999
285,1577922300000,130.48000000,130.58000000,130.47000000,130.52000000,20.61749000,1577922599999,2691.01736290,76,3.88921000,507.72738500,0,2020-01-01 17:45:00,2020-01-01 17:49:59.999
286,1577922600000,130.52000000,130.86000000,130.52000000,130.84000000,442.78139000,1577922899999,57886.50014100,288,307.34508000,40184.89587410,0,2020-01-01 17:50:00,2020-01-01 17:54:59.999
287,1577922900000,130.81000000,130.87000000,130.59000000,130.77000000,326.94697000,1577923199999,42741.94145430,258,197.19314000,25778.67505590,0,2020-01-01 17:55:00,2020-01-01 17:59:59.999
288,1577923200000,130.72000000,130.72000000,130.44000000,130.50000000,569.30465000,1577923499999,74345.51904290,239,137.20981000,17912.94699280,0,2020-01-01 18:00:00,2020-01-01 18:04:59.999
